<?xml version="1.0" encoding="UTF-8"?>
<robot generated="20160428 19:14:51.744" generator="Robot 2.9 (Python 2.7.8 on win32)">
<suite source="c:\Git\shenick\IPTVDataTests.robot" id="s1" name="IPTVDataTests">
<test id="s1-t1" name="4P GPON_Data-Video_Test">
<kw name="Comment" library="BuiltIn">
<doc>Displays the given messages in the log file as keyword arguments.</doc>
<arguments>
<arg>Test Case Defaults</arg>
</arguments>
<status status="PASS" endtime="20160428 19:14:54.890" starttime="20160428 19:14:54.889"></status>
</kw>
<kw name="Get Head End Mos Statistic" library="ShenickCli">
<doc>This procedure navigates to the Video Head End Server and gets the minimum MOS.</doc>
<assign>
<var>${headEndMinMos}</var>
</assign>
<msg timestamp="20160428 19:15:16.372" level="INFO">4.492188
4.847656</msg>
<msg timestamp="20160428 19:15:16.372" level="INFO">${headEndMinMos} = 4.492188</msg>
<status status="PASS" endtime="20160428 19:15:16.372" starttime="20160428 19:14:54.890"></status>
</kw>
<kw name="Create List" library="BuiltIn">
<doc>Returns a list containing given items.</doc>
<arguments>
<arg>Client_HTTP_ONT16</arg>
<arg>Client_HTTP_ONT15</arg>
<arg>Client_HTTP_ONT14</arg>
</arguments>
<assign>
<var>${appList}</var>
</assign>
<msg timestamp="20160428 19:15:16.373" level="INFO">${appList} = [u'Client_HTTP_ONT16', u'Client_HTTP_ONT15', u'Client_HTTP_ONT14']</msg>
<status status="PASS" endtime="20160428 19:15:16.373" starttime="20160428 19:15:16.373"></status>
</kw>
<kw name="Create Dictionary" library="BuiltIn">
<doc>Creates and returns a dictionary based on given items.</doc>
<arguments>
<arg>csvFilePath=C:\\diversifEyeClient\\IPTV\\output\\Miscellaneous\\Summary_Multicast_Client.csv</arg>
<arg>qmVideoMOSLimit=${headEndMinMos}</arg>
</arguments>
<assign>
<var>${igmpDict}</var>
</assign>
<msg timestamp="20160428 19:15:16.375" level="INFO">${igmpDict} = {u'csvFilePath': u'C:\\diversifEyeClient\\IPTV\\output\\Miscellaneous\\Summary_Multicast_Client.csv', u'qmVideoMOSLimit': '4.492188'}</msg>
<status status="PASS" endtime="20160428 19:15:16.375" starttime="20160428 19:15:16.374"></status>
</kw>
<kw name="Set To Dictionary" library="Collections">
<doc>Adds the given ``key_value_pairs`` and ``items`` to the ``dictionary``.</doc>
<arguments>
<arg>${igmpDict}</arg>
<arg>mosAppType</arg>
<arg>VQA</arg>
</arguments>
<status status="PASS" endtime="20160428 19:15:16.376" starttime="20160428 19:15:16.375"></status>
</kw>
<kw name="Set To Dictionary" library="Collections">
<doc>Adds the given ``key_value_pairs`` and ``items`` to the ``dictionary``.</doc>
<arguments>
<arg>${igmpDict}</arg>
<arg>zapAppType</arg>
<arg>STB_Client</arg>
</arguments>
<status status="PASS" endtime="20160428 19:15:16.377" starttime="20160428 19:15:16.376"></status>
</kw>
<kw name="Create Dictionary" library="BuiltIn">
<doc>Creates and returns a dictionary based on given items.</doc>
<arguments>
<arg>csvFilePath=C:\\diversifEyeClient\\IPTV\\output\\Miscellaneous\\Summary_HTTP_Client.csv</arg>
</arguments>
<assign>
<var>${httpDict}</var>
</assign>
<msg timestamp="20160428 19:15:16.378" level="INFO">${httpDict} = {u'csvFilePath': u'C:\\diversifEyeClient\\IPTV\\output\\Miscellaneous\\Summary_HTTP_Client.csv'}</msg>
<status status="PASS" endtime="20160428 19:15:16.378" starttime="20160428 19:15:16.377"></status>
</kw>
<kw name="Set To Dictionary" library="Collections">
<doc>Adds the given ``key_value_pairs`` and ``items`` to the ``dictionary``.</doc>
<arguments>
<arg>${httpDict}</arg>
<arg>appType</arg>
<arg>HTTP</arg>
</arguments>
<status status="PASS" endtime="20160428 19:15:16.379" starttime="20160428 19:15:16.378"></status>
</kw>
<kw name="Set To Dictionary" library="Collections">
<doc>Adds the given ``key_value_pairs`` and ``items`` to the ``dictionary``.</doc>
<arguments>
<arg>${httpDict}</arg>
<arg>goodput</arg>
<arg>5000</arg>
</arguments>
<status status="PASS" endtime="20160428 19:15:16.379" starttime="20160428 19:15:16.379"></status>
</kw>
<kw name="Create Dictionary" library="BuiltIn">
<doc>Creates and returns a dictionary based on given items.</doc>
<arguments>
<arg>fileName=IPTV.zip</arg>
</arguments>
<assign>
<var>${saveStatDict}</var>
</assign>
<msg timestamp="20160428 19:15:16.380" level="INFO">${saveStatDict} = {u'fileName': u'IPTV.zip'}</msg>
<status status="PASS" endtime="20160428 19:15:16.381" starttime="20160428 19:15:16.380"></status>
</kw>
<kw name="Create Dictionary" library="BuiltIn">
<doc>Creates and returns a dictionary based on given items.</doc>
<arguments>
<arg>serverIp=10.13.225.18</arg>
</arguments>
<assign>
<var>${copyDict}</var>
</assign>
<msg timestamp="20160428 19:15:16.381" level="INFO">${copyDict} = {u'serverIp': u'10.13.225.18'}</msg>
<status status="PASS" endtime="20160428 19:15:16.382" starttime="20160428 19:15:16.381"></status>
</kw>
<kw name="Set To Dictionary" library="Collections">
<doc>Adds the given ``key_value_pairs`` and ``items`` to the ``dictionary``.</doc>
<arguments>
<arg>${copyDict}</arg>
<arg>userName</arg>
<arg>cli</arg>
</arguments>
<status status="PASS" endtime="20160428 19:15:16.382" starttime="20160428 19:15:16.382"></status>
</kw>
<kw name="Set To Dictionary" library="Collections">
<doc>Adds the given ``key_value_pairs`` and ``items`` to the ``dictionary``.</doc>
<arguments>
<arg>${copyDict}</arg>
<arg>password</arg>
<arg>diversifEye</arg>
</arguments>
<status status="PASS" endtime="20160428 19:15:16.383" starttime="20160428 19:15:16.383"></status>
</kw>
<kw name="Set To Dictionary" library="Collections">
<doc>Adds the given ``key_value_pairs`` and ``items`` to the ``dictionary``.</doc>
<arguments>
<arg>${copyDict}</arg>
<arg>sourceFilePath</arg>
<arg>IPTV.zip</arg>
</arguments>
<status status="PASS" endtime="20160428 19:15:16.384" starttime="20160428 19:15:16.384"></status>
</kw>
<kw name="Set To Dictionary" library="Collections">
<doc>Adds the given ``key_value_pairs`` and ``items`` to the ``dictionary``.</doc>
<arguments>
<arg>${copyDict}</arg>
<arg>destFilePath</arg>
<arg>C:/diversifEyeClient/analysis/bin/IPTV.zip</arg>
</arguments>
<status status="PASS" endtime="20160428 19:15:16.385" starttime="20160428 19:15:16.384"></status>
</kw>
<kw name="Stop Test Group" library="ShenickCli">
<doc>This procedure will execute the cli command to stop the testGroup.</doc>
<msg timestamp="20160428 19:15:16.762" level="INFO">No test group running...</msg>
<status status="PASS" endtime="20160428 19:15:16.762" starttime="20160428 19:15:16.385"></status>
</kw>
<kw name="Enable Disable Applications" library="ShenickCli">
<doc>Enable/disable all or a list of applicaionts (hosts)</doc>
<arguments>
<arg>${appList}</arg>
<arg>Disabled</arg>
</arguments>
<status status="PASS" endtime="20160428 19:15:19.188" starttime="20160428 19:15:16.762"></status>
</kw>
<kw name="Sleep" library="BuiltIn">
<doc>Pauses the test executed for the given time.</doc>
<arguments>
<arg>3</arg>
</arguments>
<msg timestamp="20160428 19:15:22.189" level="INFO">Slept 3 seconds</msg>
<status status="PASS" endtime="20160428 19:15:22.189" starttime="20160428 19:15:19.188"></status>
</kw>
<kw name="Enable Disable Applications" library="ShenickCli">
<doc>Enable/disable all or a list of applicaionts (hosts)</doc>
<arguments>
<arg>${appList}</arg>
<arg>Enabled</arg>
</arguments>
<status status="PASS" endtime="20160428 19:15:24.431" starttime="20160428 19:15:22.190"></status>
</kw>
<kw name="Sleep" library="BuiltIn">
<doc>Pauses the test executed for the given time.</doc>
<arguments>
<arg>3</arg>
</arguments>
<msg timestamp="20160428 19:15:27.432" level="INFO">Slept 3 seconds</msg>
<status status="PASS" endtime="20160428 19:15:27.432" starttime="20160428 19:15:24.431"></status>
</kw>
<kw name="Enable Disable Applications" library="ShenickCli">
<doc>Enable/disable all or a list of applicaionts (hosts)</doc>
<arguments>
<arg>all</arg>
<arg>Disabled</arg>
</arguments>
<status status="PASS" endtime="20160428 19:15:28.862" starttime="20160428 19:15:27.433"></status>
</kw>
<kw name="Sleep" library="BuiltIn">
<doc>Pauses the test executed for the given time.</doc>
<arguments>
<arg>3</arg>
</arguments>
<msg timestamp="20160428 19:15:31.863" level="INFO">Slept 3 seconds</msg>
<status status="PASS" endtime="20160428 19:15:31.863" starttime="20160428 19:15:28.862"></status>
</kw>
<kw name="Enable Disable Applications" library="ShenickCli">
<doc>Enable/disable all or a list of applicaionts (hosts)</doc>
<arguments>
<arg>all</arg>
<arg>Enabled</arg>
</arguments>
<status status="PASS" endtime="20160428 19:15:33.174" starttime="20160428 19:15:31.864"></status>
</kw>
<kw name="Sleep" library="BuiltIn">
<doc>Pauses the test executed for the given time.</doc>
<arguments>
<arg>3</arg>
</arguments>
<msg timestamp="20160428 19:15:36.175" level="INFO">Slept 3 seconds</msg>
<status status="PASS" endtime="20160428 19:15:36.175" starttime="20160428 19:15:33.175"></status>
</kw>
<kw name="Start Test Group" library="ShenickCli">
<doc>This procedure will execute the cli command to start the testGroup.</doc>
<status status="PASS" endtime="20160428 19:15:41.717" starttime="20160428 19:15:36.175"></status>
</kw>
<kw name="Sleep" library="BuiltIn">
<doc>Pauses the test executed for the given time.</doc>
<arguments>
<arg>30</arg>
</arguments>
<msg timestamp="20160428 19:16:11.717" level="INFO">Slept 30 seconds</msg>
<status status="PASS" endtime="20160428 19:16:11.717" starttime="20160428 19:15:41.717"></status>
</kw>
<kw name="In Service Out Service Applications" library="ShenickCli">
<doc>IS/OOS all or a list of applicaionts (hosts)</doc>
<arguments>
<arg>${appList}</arg>
<arg>Out of Service</arg>
</arguments>
<status status="PASS" endtime="20160428 19:16:17.577" starttime="20160428 19:16:11.717"></status>
</kw>
<kw name="Sleep" library="BuiltIn">
<doc>Pauses the test executed for the given time.</doc>
<arguments>
<arg>3</arg>
</arguments>
<msg timestamp="20160428 19:16:20.577" level="INFO">Slept 3 seconds</msg>
<status status="PASS" endtime="20160428 19:16:20.577" starttime="20160428 19:16:17.577"></status>
</kw>
<kw name="In Service Out Service Applications" library="ShenickCli">
<doc>IS/OOS all or a list of applicaionts (hosts)</doc>
<arguments>
<arg>${appList}</arg>
<arg>In Service</arg>
</arguments>
<status status="PASS" endtime="20160428 19:16:22.618" starttime="20160428 19:16:20.577"></status>
</kw>
<kw name="Sleep" library="BuiltIn">
<doc>Pauses the test executed for the given time.</doc>
<arguments>
<arg>8</arg>
</arguments>
<msg timestamp="20160428 19:16:30.619" level="INFO">Slept 8 seconds</msg>
<status status="PASS" endtime="20160428 19:16:30.619" starttime="20160428 19:16:22.618"></status>
</kw>
<kw name="In Service Out Service Applications" library="ShenickCli">
<doc>IS/OOS all or a list of applicaionts (hosts)</doc>
<arguments>
<arg>all</arg>
<arg>Out of Service</arg>
</arguments>
<status status="PASS" endtime="20160428 19:16:33.276" starttime="20160428 19:16:30.620"></status>
</kw>
<kw name="Sleep" library="BuiltIn">
<doc>Pauses the test executed for the given time.</doc>
<arguments>
<arg>3</arg>
</arguments>
<msg timestamp="20160428 19:16:36.277" level="INFO">Slept 3 seconds</msg>
<status status="PASS" endtime="20160428 19:16:36.277" starttime="20160428 19:16:33.277"></status>
</kw>
<kw name="In Service Out Service Applications" library="ShenickCli">
<doc>IS/OOS all or a list of applicaionts (hosts)</doc>
<arguments>
<arg>all</arg>
<arg>In Service</arg>
</arguments>
<status status="PASS" endtime="20160428 19:16:39.272" starttime="20160428 19:16:36.278"></status>
</kw>
<kw name="In Service Out Service Applications" library="ShenickCli">
<doc>IS/OOS all or a list of applicaionts (hosts)</doc>
<arguments>
<arg>${appList}</arg>
<arg>In Service</arg>
</arguments>
<status status="PASS" endtime="20160428 19:16:41.353" starttime="20160428 19:16:39.273"></status>
</kw>
<kw name="Save Stats" library="ShenickCli">
<doc>This method saves results as zip file in shenick controller.</doc>
<arguments>
<arg>${saveStatDict}</arg>
</arguments>
<status status="PASS" endtime="20160428 19:16:44.420" starttime="20160428 19:16:41.354"></status>
</kw>
<kw name="Stop Test Group" library="ShenickCli">
<doc>This procedure will execute the cli command to stop the testGroup.</doc>
<msg timestamp="20160428 19:16:46.540" level="INFO">Test group stopped</msg>
<status status="PASS" endtime="20160428 19:16:46.541" starttime="20160428 19:16:44.421"></status>
</kw>
<kw name="Copy File From Server" library="TrafficAnalysis">
<doc>This method gets the file from remote server and copy to given local file path.</doc>
<arguments>
<arg>${copyDict}</arg>
</arguments>
<msg timestamp="20160428 19:16:46.707" level="INFO">File IPTV.zip has been copied successfully to dir C:/diversifEyeClient/analysis/bin</msg>
<status status="PASS" endtime="20160428 19:16:46.707" starttime="20160428 19:16:46.542"></status>
</kw>
<kw name="Run Analysis Batch File" library="TrafficAnalysis">
<doc>This method runs Analyse.bat on give results (*.zip) and saves the summary csv files in given output path.</doc>
<arguments>
<arg>C:\\diversifEyeClient\\analysis\\bin\\IPTV.Zip</arg>
<arg>C:\\diversifEyeClient</arg>
</arguments>
<msg timestamp="20160428 19:17:25.184" level="INFO">Analysis.bat ran successfully</msg>
<status status="PASS" endtime="20160428 19:17:25.185" starttime="20160428 19:16:46.707"></status>
</kw>
<kw name="Evaluate Igmp Applications" library="TrafficAnalysis">
<doc>This method read Summary_Multicast_Client.csv file and evaluate all IGMP applications, which includes MOS and Zapping applications.</doc>
<arguments>
<arg>${igmpDict}</arg>
</arguments>
<msg timestamp="20160428 19:17:25.186" level="WARN">4.492188</msg>
<msg timestamp="20160428 19:17:25.192" level="INFO">4.492188
AM_Benchmark_Zap :: Set to Out of Service or no DHCP attained, skip analysis
FAIL :: &lt;STB_VQA_ONT11&gt; MOS 2.257812 was less than 4.492188
PASS :: &lt;STB_VQA_ONT11&gt; Total packet loss 0 was less than or equal to 20
FAIL :: &lt;STB_VQA_ONT11&gt; Impared frame count 35 was greater than 3
FAIL :: &lt;STB_VQA_ONT13&gt; MOS 2.640625 was less than 4.492188
PASS :: &lt;STB_VQA_ONT13&gt; Total packet loss 0 was less than or equal to 20
FAIL :: &lt;STB_VQA_ONT13&gt; Impared frame count 26 was greater than 3
FAIL :: &lt;STB_VQA_ONT14&gt; MOS 2.257812 was less than 4.492188
PASS :: &lt;STB_VQA_ONT14&gt; Total packet loss 0 was less than or equal to 20
FAIL :: &lt;STB_VQA_ONT14&gt; Impared frame count 36 was greater than 3
FAIL :: &lt;STB_VQA_ONT10&gt; MOS 3.089844 was less than 4.492188
PASS :: &lt;STB_VQA_ONT10&gt; Total packet loss 0 was less than or equal to 20
FAIL :: &lt;STB_VQA_ONT10&gt; Impared frame count 20 was greater than 3
FAIL :: &lt;STB_VQA_ONT12&gt; MOS 3.140625 was less than 4.492188
PASS :: &lt;STB_VQA_ONT12&gt; Total packet loss 0 was less than or equal to 20
FAIL :: &lt;STB_VQA_ONT12&gt; Impared frame count 18 was greater than 3
FAIL :: &lt;STB_VQA_ONT15&gt; MOS 2.363281 was less than 4.492188
PASS :: &lt;STB_VQA_ONT15&gt; Total packet loss 0 was less than or equal to 20
FAIL :: &lt;STB_VQA_ONT15&gt; Impared frame count 20 was greater than 3
FAIL :: &lt;STB_VQA_ONT16&gt; MOS 2.3125 was less than 4.492188
PASS :: &lt;STB_VQA_ONT16&gt; Total packet loss 0 was less than or equal to 20
FAIL :: &lt;STB_VQA_ONT16&gt; Impared frame count 38 was greater than 3
SM_Benchmark_MOS :: Set to Out of Service or no DHCP attained, skip analysis
FAIL :: &lt;STB_VQA_ONT02&gt; MOS 2.363281 was less than 4.492188
PASS :: &lt;STB_VQA_ONT02&gt; Total packet loss 0 was less than or equal to 20
FAIL :: &lt;STB_VQA_ONT02&gt; Impared frame count 24 was greater than 3
FAIL :: &lt;STB_VQA_ONT01&gt; MOS 2.976562 was less than 4.492188
PASS :: &lt;STB_VQA_ONT01&gt; Total packet loss 0 was less than or equal to 20
FAIL :: &lt;STB_VQA_ONT01&gt; Impared frame count 17 was greater than 3
FAIL :: &lt;STB_VQA_ONT04&gt; MOS 3.089844 was less than 4.492188
PASS :: &lt;STB_VQA_ONT04&gt; Total packet loss 0 was less than or equal to 20
FAIL :: &lt;STB_VQA_ONT04&gt; Impared frame count 17 was greater than 3
FAIL :: &lt;STB_VQA_ONT03&gt; MOS 2.804688 was less than 4.492188
PASS :: &lt;STB_VQA_ONT03&gt; Total packet loss 0 was less than or equal to 20
FAIL :: &lt;STB_VQA_ONT03&gt; Impared frame count 26 was greater than 3
FAIL :: &lt;STB_VQA_ONT5&gt; MOS 2.257812 was less than 4.492188
PASS :: &lt;STB_VQA_ONT5&gt; Total packet loss 0 was less than or equal to 20
FAIL :: &lt;STB_VQA_ONT5&gt; Impared frame count 37 was greater than 3
FAIL :: &lt;STB_VQA_ONT6&gt; MOS 3.089844 was less than 4.492188
PASS :: &lt;STB_VQA_ONT6&gt; Total packet loss 0 was less than or equal to 20
FAIL :: &lt;STB_VQA_ONT6&gt; Impared frame count 24 was greater than 3
FAIL :: &lt;STB_VQA_ONT7&gt; MOS 2.582031 was less than 4.492188
PASS :: &lt;STB_VQA_ONT7&gt; Total packet loss 0 was less than or equal to 20
FAIL :: &lt;STB_VQA_ONT7&gt; Impared frame count 28 was greater than 3
FAIL :: &lt;STB_VQA_ONT8&gt; MOS 1.996094 was less than 4.492188
PASS :: &lt;STB_VQA_ONT8&gt; Total packet loss 0 was less than or equal to 20
FAIL :: &lt;STB_VQA_ONT8&gt; Impared frame count 37 was greater than 3
FAIL :: &lt;STB_VQA_ONT9&gt; MOS 2.152344 was less than 4.492188
PASS :: &lt;STB_VQA_ONT9&gt; Total packet loss 0 was less than or equal to 20
FAIL :: &lt;STB_VQA_ONT9&gt; Impared frame count 37 was greater than 3
PASS :: &lt;STB_Client_ONT10a&gt; JoinTimeAvg 62.11258 was less than or equal to 125
FAIL :: &lt;STB_Client_ONT10a&gt; Total packet loss 52 was greater than 20
PASS :: &lt;STB_Client_ONT10a&gt; Percentage Joins completed 100.0 was greater than or equal to 95.0
FAIL :: &lt;STB_Client_ONT10a&gt; Percentage Leavs completed 90.0 was less than 95.0
FAIL :: &lt;STB_Client_ONT10a&gt; Percentage Leaves completed against joins 81.8181818182 was less than 95.0
PASS :: &lt;STB_Client_ONT11a&gt; JoinTimeAvg 65.82725 was less than or equal to 125
FAIL :: &lt;STB_Client_ONT11a&gt; Total packet loss 42 was greater than 20
PASS :: &lt;STB_Client_ONT11a&gt; Percentage Joins completed 100.0 was greater than or equal to 95.0
FAIL :: &lt;STB_Client_ONT11a&gt; Percentage Leavs completed 90.0 was less than 95.0
FAIL :: &lt;STB_Client_ONT11a&gt; Percentage Leaves completed against joins 81.8181818182 was less than 95.0
PASS :: &lt;STB_Client_ONT12a&gt; JoinTimeAvg 55.35437 was less than or equal to 125
FAIL :: &lt;STB_Client_ONT12a&gt; Total packet loss 58 was greater than 20
PASS :: &lt;STB_Client_ONT12a&gt; Percentage Joins completed 100.0 was greater than or equal to 95.0
FAIL :: &lt;STB_Client_ONT12a&gt; Percentage Leavs completed 90.0 was less than 95.0
FAIL :: &lt;STB_Client_ONT12a&gt; Percentage Leaves completed against joins 81.8181818182 was less than 95.0
FAIL :: &lt;STB_Client_ONT13a&gt; JoinTimeAvg 181.6606 was greater than 125
FAIL :: &lt;STB_Client_ONT13a&gt; Total packet loss 50 was greater than 20
PASS :: &lt;STB_Client_ONT13a&gt; Percentage Joins completed 100.0 was greater than or equal to 95.0
FAIL :: &lt;STB_Client_ONT13a&gt; Percentage Leavs completed 90.0 was less than 95.0
FAIL :: &lt;STB_Client_ONT13a&gt; Percentage Leaves completed against joins 81.8181818182 was less than 95.0
PASS :: &lt;STB_Client_ONT14a&gt; JoinTimeAvg 48.4092 was less than or equal to 125
FAIL :: &lt;STB_Client_ONT14a&gt; Total packet loss 52 was greater than 20
PASS :: &lt;STB_Client_ONT14a&gt; Percentage Joins completed 100.0 was greater than or equal to 95.0
FAIL :: &lt;STB_Client_ONT14a&gt; Percentage Leavs completed 90.0 was less than 95.0
FAIL :: &lt;STB_Client_ONT14a&gt; Percentage Leaves completed against joins 81.8181818182 was less than 95.0
PASS :: &lt;STB_Client_ONT15a&gt; JoinTimeAvg 44.10585 was less than or equal to 125
FAIL :: &lt;STB_Client_ONT15a&gt; Total packet loss 42 was greater than 20
PASS :: &lt;STB_Client_ONT15a&gt; Percentage Joins completed 100.0 was greater than or equal to 95.0
FAIL :: &lt;STB_Client_ONT15a&gt; Percentage Leavs completed 90.0 was less than 95.0
FAIL :: &lt;STB_Client_ONT15a&gt; Percentage Leaves completed against joins 81.8181818182 was less than 95.0
PASS :: &lt;STB_Client_ONT16a&gt; JoinTimeAvg 49.15062 was less than or equal to 125
FAIL :: &lt;STB_Client_ONT16a&gt; Total packet loss 51 was greater than 20
PASS :: &lt;STB_Client_ONT16a&gt; Percentage Joins completed 100.0 was greater than or equal to 95.0
FAIL :: &lt;STB_Client_ONT16a&gt; Percentage Leavs completed 90.0 was less than 95.0
FAIL :: &lt;STB_Client_ONT16a&gt; Percentage Leaves completed against joins 81.8181818182 was less than 95.0
PASS :: &lt;STB_Client_ONT1a&gt; JoinTimeAvg 39.00437 was less than or equal to 125
FAIL :: &lt;STB_Client_ONT1a&gt; Total packet loss 21 was greater than 20
PASS :: &lt;STB_Client_ONT1a&gt; Percentage Joins completed 100.0 was greater than or equal to 95.0
FAIL :: &lt;STB_Client_ONT1a&gt; Percentage Leavs completed 90.0 was less than 95.0
FAIL :: &lt;STB_Client_ONT1a&gt; Percentage Leaves completed against joins 81.8181818182 was less than 95.0
PASS :: &lt;STB_Client_ONT2a&gt; JoinTimeAvg 33.1715 was less than or equal to 125
PASS :: &lt;STB_Client_ONT2a&gt; Total packet loss 9 was less than or equal to 20
PASS :: &lt;STB_Client_ONT2a&gt; Percentage Joins completed 100.0 was greater than or equal to 95.0
FAIL :: &lt;STB_Client_ONT2a&gt; Percentage Leavs completed 90.0 was less than 95.0
FAIL :: &lt;STB_Client_ONT2a&gt; Percentage Leaves completed against joins 81.8181818182 was less than 95.0
PASS :: &lt;STB_Client_ONT3a&gt; JoinTimeAvg 21.0109 was less than or equal to 125
FAIL :: &lt;STB_Client_ONT3a&gt; Total packet loss 41 was greater than 20
PASS :: &lt;STB_Client_ONT3a&gt; Percentage Joins completed 100.0 was greater than or equal to 95.0
FAIL :: &lt;STB_Client_ONT3a&gt; Percentage Leavs completed 90.0 was less than 95.0
FAIL :: &lt;STB_Client_ONT3a&gt; Percentage Leaves completed against joins 81.8181818182 was less than 95.0
PASS :: &lt;STB_Client_ONT4a&gt; JoinTimeAvg 39.35922 was less than or equal to 125
FAIL :: &lt;STB_Client_ONT4a&gt; Total packet loss 38 was greater than 20
PASS :: &lt;STB_Client_ONT4a&gt; Percentage Joins completed 100.0 was greater than or equal to 95.0
FAIL :: &lt;STB_Client_ONT4a&gt; Percentage Leavs completed 90.0 was less than 95.0
FAIL :: &lt;STB_Client_ONT4a&gt; Percentage Leaves completed against joins 81.8181818182 was less than 95.0
PASS :: &lt;STB_Client_ONT5a&gt; JoinTimeAvg 20.09183 was less than or equal to 125
FAIL :: &lt;STB_Client_ONT5a&gt; Total packet loss 88 was greater than 20
PASS :: &lt;STB_Client_ONT5a&gt; Percentage Joins completed 100.0 was greater than or equal to 95.0
FAIL :: &lt;STB_Client_ONT5a&gt; Percentage Leavs completed 90.0 was less than 95.0
FAIL :: &lt;STB_Client_ONT5a&gt; Percentage Leaves completed against joins 81.8181818182 was less than 95.0
PASS :: &lt;STB_Client_ONT6a&gt; JoinTimeAvg 38.98107 was less than or equal to 125
FAIL :: &lt;STB_Client_ONT6a&gt; Total packet loss 42 was greater than 20
PASS :: &lt;STB_Client_ONT6a&gt; Percentage Joins completed 100.0 was greater than or equal to 95.0
FAIL :: &lt;STB_Client_ONT6a&gt; Percentage Leavs completed 90.0 was less than 95.0
FAIL :: &lt;STB_Client_ONT6a&gt; Percentage Leaves completed against joins 81.8181818182 was less than 95.0
PASS :: &lt;STB_Client_ONT7a&gt; JoinTimeAvg 18.15443 was less than or equal to 125
FAIL :: &lt;STB_Client_ONT7a&gt; Total packet loss 31 was greater than 20
PASS :: &lt;STB_Client_ONT7a&gt; Percentage Joins completed 100.0 was greater than or equal to 95.0
FAIL :: &lt;STB_Client_ONT7a&gt; Percentage Leavs completed 90.0 was less than 95.0
FAIL :: &lt;STB_Client_ONT7a&gt; Percentage Leaves completed against joins 81.8181818182 was less than 95.0
PASS :: &lt;STB_Client_ONT8a&gt; JoinTimeAvg 27.30795 was less than or equal to 125
FAIL :: &lt;STB_Client_ONT8a&gt; Total packet loss 27 was greater than 20
PASS :: &lt;STB_Client_ONT8a&gt; Percentage Joins completed 100.0 was greater than or equal to 95.0
FAIL :: &lt;STB_Client_ONT8a&gt; Percentage Leavs completed 90.0 was less than 95.0
FAIL :: &lt;STB_Client_ONT8a&gt; Percentage Leaves completed against joins 81.8181818182 was less than 95.0
PASS :: &lt;STB_Client_ONT9a&gt; JoinTimeAvg 76.1406 was less than or equal to 125
FAIL :: &lt;STB_Client_ONT9a&gt; Total packet loss 21 was greater than 20
PASS :: &lt;STB_Client_ONT9a&gt; Percentage Joins completed 100.0 was greater than or equal to 95.0
FAIL :: &lt;STB_Client_ONT9a&gt; Percentage Leavs completed 90.0 was less than 95.0
FAIL :: &lt;STB_Client_ONT9a&gt; Percentage Leaves completed against joins 81.8181818182 was less than 95.0
PASS :: &lt;STB_Client_ONT10b&gt; JoinTimeAvg 60.78863 was less than or equal to 125
PASS :: &lt;STB_Client_ONT10b&gt; Total packet loss 4 was less than or equal to 20
PASS :: &lt;STB_Client_ONT10b&gt; Percentage Joins completed 100.0 was greater than or equal to 95.0
FAIL :: &lt;STB_Client_ONT10b&gt; Percentage Leavs completed 90.0 was less than 95.0
FAIL :: &lt;STB_Client_ONT10b&gt; Percentage Leaves completed against joins 81.8181818182 was less than 95.0
PASS :: &lt;STB_Client_ONT11b&gt; JoinTimeAvg 51.66553 was less than or equal to 125
PASS :: &lt;STB_Client_ONT11b&gt; Total packet loss 0 was less than or equal to 20
PASS :: &lt;STB_Client_ONT11b&gt; Percentage Joins completed 100.0 was greater than or equal to 95.0
FAIL :: &lt;STB_Client_ONT11b&gt; Percentage Leavs completed 90.0 was less than 95.0
FAIL :: &lt;STB_Client_ONT11b&gt; Percentage Leaves completed against joins 81.8181818182 was less than 95.0
PASS :: &lt;STB_Client_ONT12b&gt; JoinTimeAvg 69.61102 was less than or equal to 125
PASS :: &lt;STB_Client_ONT12b&gt; Total packet loss 6 was less than or equal to 20
PASS :: &lt;STB_Client_ONT12b&gt; Percentage Joins completed 100.0 was greater than or equal to 95.0
FAIL :: &lt;STB_Client_ONT12b&gt; Percentage Leavs completed 90.0 was less than 95.0
FAIL :: &lt;STB_Client_ONT12b&gt; Percentage Leaves completed against joins 81.8181818182 was less than 95.0
FAIL :: &lt;STB_Client_ONT13b&gt; JoinTimeAvg 195.4026 was greater than 125
PASS :: &lt;STB_Client_ONT13b&gt; Total packet loss 20 was less than or equal to 20
PASS :: &lt;STB_Client_ONT13b&gt; Percentage Joins completed 100.0 was greater than or equal to 95.0
FAIL :: &lt;STB_Client_ONT13b&gt; Percentage Leavs completed 90.0 was less than 95.0
FAIL :: &lt;STB_Client_ONT13b&gt; Percentage Leaves completed against joins 81.8181818182 was less than 95.0
PASS :: &lt;STB_Client_ONT14b&gt; JoinTimeAvg 44.94795 was less than or equal to 125
PASS :: &lt;STB_Client_ONT14b&gt; Total packet loss 0 was less than or equal to 20
PASS :: &lt;STB_Client_ONT14b&gt; Percentage Joins completed 100.0 was greater than or equal to 95.0
FAIL :: &lt;STB_Client_ONT14b&gt; Percentage Leavs completed 90.0 was less than 95.0
FAIL :: &lt;STB_Client_ONT14b&gt; Percentage Leaves completed against joins 81.8181818182 was less than 95.0
PASS :: &lt;STB_Client_ONT15b&gt; JoinTimeAvg 48.9822 was less than or equal to 125
PASS :: &lt;STB_Client_ONT15b&gt; Total packet loss 0 was less than or equal to 20
PASS :: &lt;STB_Client_ONT15b&gt; Percentage Joins completed 100.0 was greater than or equal to 95.0
FAIL :: &lt;STB_Client_ONT15b&gt; Percentage Leavs completed 90.0 was less than 95.0
FAIL :: &lt;STB_Client_ONT15b&gt; Percentage Leaves completed against joins 81.8181818182 was less than 95.0
PASS :: &lt;STB_Client_ONT16b&gt; JoinTimeAvg 59.78468 was less than or equal to 125
PASS :: &lt;STB_Client_ONT16b&gt; Total packet loss 0 was less than or equal to 20
PASS :: &lt;STB_Client_ONT16b&gt; Percentage Joins completed 100.0 was greater than or equal to 95.0
FAIL :: &lt;STB_Client_ONT16b&gt; Percentage Leavs completed 90.0 was less than 95.0
FAIL :: &lt;STB_Client_ONT16b&gt; Percentage Leaves completed against joins 81.8181818182 was less than 95.0
PASS :: &lt;STB_Client_ONT1b&gt; JoinTimeAvg 31.34487 was less than or equal to 125
PASS :: &lt;STB_Client_ONT1b&gt; Total packet loss 1 was less than or equal to 20
PASS :: &lt;STB_Client_ONT1b&gt; Percentage Joins completed 100.0 was greater than or equal to 95.0
FAIL :: &lt;STB_Client_ONT1b&gt; Percentage Leavs completed 90.0 was less than 95.0
FAIL :: &lt;STB_Client_ONT1b&gt; Percentage Leaves completed against joins 81.8181818182 was less than 95.0
PASS :: &lt;STB_Client_ONT2b&gt; JoinTimeAvg 34.49317 was less than or equal to 125
PASS :: &lt;STB_Client_ONT2b&gt; Total packet loss 1 was less than or equal to 20
PASS :: &lt;STB_Client_ONT2b&gt; Percentage Joins completed 100.0 was greater than or equal to 95.0
FAIL :: &lt;STB_Client_ONT2b&gt; Percentage Leavs completed 90.0 was less than 95.0
FAIL :: &lt;STB_Client_ONT2b&gt; Percentage Leaves completed against joins 81.8181818182 was less than 95.0
PASS :: &lt;STB_Client_ONT3b&gt; JoinTimeAvg 34.25498 was less than or equal to 125
PASS :: &lt;STB_Client_ONT3b&gt; Total packet loss 4 was less than or equal to 20
PASS :: &lt;STB_Client_ONT3b&gt; Percentage Joins completed 100.0 was greater than or equal to 95.0
FAIL :: &lt;STB_Client_ONT3b&gt; Percentage Leavs completed 90.0 was less than 95.0
FAIL :: &lt;STB_Client_ONT3b&gt; Percentage Leaves completed against joins 81.8181818182 was less than 95.0
PASS :: &lt;STB_Client_ONT4b&gt; JoinTimeAvg 22.2077 was less than or equal to 125
PASS :: &lt;STB_Client_ONT4b&gt; Total packet loss 0 was less than or equal to 20
PASS :: &lt;STB_Client_ONT4b&gt; Percentage Joins completed 100.0 was greater than or equal to 95.0
FAIL :: &lt;STB_Client_ONT4b&gt; Percentage Leavs completed 90.0 was less than 95.0
FAIL :: &lt;STB_Client_ONT4b&gt; Percentage Leaves completed against joins 81.8181818182 was less than 95.0
PASS :: &lt;STB_Client_ONT5b&gt; JoinTimeAvg 33.15133 was less than or equal to 125
PASS :: &lt;STB_Client_ONT5b&gt; Total packet loss 1 was less than or equal to 20
PASS :: &lt;STB_Client_ONT5b&gt; Percentage Joins completed 100.0 was greater than or equal to 95.0
FAIL :: &lt;STB_Client_ONT5b&gt; Percentage Leavs completed 90.0 was less than 95.0
FAIL :: &lt;STB_Client_ONT5b&gt; Percentage Leaves completed against joins 81.8181818182 was less than 95.0
PASS :: &lt;STB_Client_ONT6b&gt; JoinTimeAvg 27.85875 was less than or equal to 125
PASS :: &lt;STB_Client_ONT6b&gt; Total packet loss 0 was less than or equal to 20
PASS :: &lt;STB_Client_ONT6b&gt; Percentage Joins completed 100.0 was greater than or equal to 95.0
FAIL :: &lt;STB_Client_ONT6b&gt; Percentage Leavs completed 90.0 was less than 95.0
FAIL :: &lt;STB_Client_ONT6b&gt; Percentage Leaves completed against joins 81.8181818182 was less than 95.0
PASS :: &lt;STB_Client_ONT7b&gt; JoinTimeAvg 32.3577 was less than or equal to 125
PASS :: &lt;STB_Client_ONT7b&gt; Total packet loss 2 was less than or equal to 20
PASS :: &lt;STB_Client_ONT7b&gt; Percentage Joins completed 100.0 was greater than or equal to 95.0
FAIL :: &lt;STB_Client_ONT7b&gt; Percentage Leavs completed 90.0 was less than 95.0
FAIL :: &lt;STB_Client_ONT7b&gt; Percentage Leaves completed against joins 81.8181818182 was less than 95.0
PASS :: &lt;STB_Client_ONT8b&gt; JoinTimeAvg 35.03318 was less than or equal to 125
PASS :: &lt;STB_Client_ONT8b&gt; Total packet loss 0 was less than or equal to 20
PASS :: &lt;STB_Client_ONT8b&gt; Percentage Joins completed 100.0 was greater than or equal to 95.0
FAIL :: &lt;STB_Client_ONT8b&gt; Percentage Leavs completed 90.0 was less than 95.0
FAIL :: &lt;STB_Client_ONT8b&gt; Percentage Leaves completed against joins 81.8181818182 was less than 95.0
PASS :: &lt;STB_Client_ONT9b&gt; JoinTimeAvg 75.55212 was less than or equal to 125
PASS :: &lt;STB_Client_ONT9b&gt; Total packet loss 19 was less than or equal to 20
PASS :: &lt;STB_Client_ONT9b&gt; Percentage Joins completed 100.0 was greater than or equal to 95.0
FAIL :: &lt;STB_Client_ONT9b&gt; Percentage Leavs completed 90.0 was less than 95.0
FAIL :: &lt;STB_Client_ONT9b&gt; Percentage Leaves completed against joins 81.8181818182 was less than 95.0
SM_Benchmark_Zap :: Set to Out of Service or no DHCP attained, skip analysis
##########All IGMP measures are not within limits########</msg>
<status status="PASS" endtime="20160428 19:17:25.193" starttime="20160428 19:17:25.186"></status>
</kw>
<kw name="Evaluate Http Applications" library="TrafficAnalysis">
<doc>This method read Summary_Http_Client.csv file and evaluate all HTTP applications.</doc>
<arguments>
<arg>${httpDict}</arg>
</arguments>
<msg timestamp="20160428 19:17:25.195" level="INFO">PASS :: &lt;Client_HTTP_ONT1&gt; Goodput value 112845.2 was greater than or equal to 4250.0
PASS :: &lt;Client_HTTP_ONT10&gt; Goodput value 117037.2 was greater than or equal to 4250.0
PASS :: &lt;Client_HTTP_ONT11&gt; Goodput value 101215.2 was greater than or equal to 4250.0
PASS :: &lt;Client_HTTP_ONT12&gt; Goodput value 98827.06 was greater than or equal to 4250.0
PASS :: &lt;Client_HTTP_ONT2&gt; Goodput value 98643.57 was greater than or equal to 4250.0
PASS :: &lt;Client_HTTP_ONT3&gt; Goodput value 104341.1 was greater than or equal to 4250.0
PASS :: &lt;Client_HTTP_ONT4&gt; Goodput value 96602.22 was greater than or equal to 4250.0
PASS :: &lt;Client_HTTP_ONT9&gt; Goodput value 108655.5 was greater than or equal to 4250.0
PASS :: &lt;Client_HTTP_ONT13&gt; Goodput value 106905.9 was greater than or equal to 4250.0
PASS :: &lt;Client_HTTP_ONT14&gt; Goodput value 65339.04 was greater than or equal to 4250.0
PASS :: &lt;Client_HTTP_ONT15&gt; Goodput value 71330.42 was greater than or equal to 4250.0
PASS :: &lt;Client_HTTP_ONT16&gt; Goodput value 63600.25 was greater than or equal to 4250.0
PASS :: &lt;Client_HTTP_ONT5&gt; Goodput value 106832.5 was greater than or equal to 4250.0
PASS :: &lt;Client_HTTP_ONT6&gt; Goodput value 98738.7 was greater than or equal to 4250.0
PASS :: &lt;Client_HTTP_ONT7&gt; Goodput value 108375.7 was greater than or equal to 4250.0
PASS :: &lt;Client_HTTP_ONT8&gt; Goodput value 100242.6 was greater than or equal to 4250.0
********** All HTTP measures are within limits **********</msg>
<status status="PASS" endtime="20160428 19:17:25.195" starttime="20160428 19:17:25.194"></status>
</kw>
<status status="PASS" endtime="20160428 19:17:25.195" critical="yes" starttime="20160428 19:14:54.888"></status>
</test>
<status status="PASS" endtime="20160428 19:17:25.198" starttime="20160428 19:14:51.748"></status>
</suite>
<statistics>
<total>
<stat fail="0" pass="1">Critical Tests</stat>
<stat fail="0" pass="1">All Tests</stat>
</total>
<tag>
</tag>
<suite>
<stat fail="0" id="s1" name="IPTVDataTests" pass="1">IPTVDataTests</stat>
</suite>
</statistics>
<errors>
<msg timestamp="20160428 19:17:25.186" level="WARN">4.492188</msg>
</errors>
</robot>
